:END_ID(Flight),:START_ID(Aircraft),:TYPE
FL00001,AC1013,OPERATES_FLIGHT
FL00002,AC1014,OPERATES_FLIGHT
FL00003,AC1012,OPERATES_FLIGHT
FL00004,AC1008,OPERATES_FLIGHT
FL00005,AC1001,OPERATES_FLIGHT
FL00006,AC1002,OPERATES_FLIGHT
FL00007,AC1009,OPERATES_FLIGHT
FL00008,AC1017,OPERATES_FLIGHT
FL00009,AC1011,OPERATES_FLIGHT
FL00010,AC1005,OPERATES_FLIGHT
FL00011,AC1020,OPERATES_FLIGHT
FL00012,AC1005,OPERATES_FLIGHT
FL00013,AC1014,OPERATES_FLIGHT
FL00014,AC1010,OPERATES_FLIGHT
FL00015,AC1003,OPERATES_FLIGHT
FL00016,AC1019,OPERATES_FLIGHT
FL00017,AC1012,OPERATES_FLIGHT
FL00018,AC1020,OPERATES_FLIGHT
FL00019,AC1008,OPERATES_FLIGHT
FL00020,AC1013,OPERATES_FLIGHT
FL00021,AC1018,OPERATES_FLIGHT
FL00022,AC1001,OPERATES_FLIGHT
FL00023,AC1007,OPERATES_FLIGHT
FL00024,AC1019,OPERATES_FLIGHT
FL00025,AC1006,OPERATES_FLIGHT
FL00026,AC1001,OPERATES_FLIGHT
FL00027,AC1010,OPERATES_FLIGHT
FL00028,AC1001,OPERATES_FLIGHT
FL00029,AC1011,OPERATES_FLIGHT
FL00030,AC1007,OPERATES_FLIGHT
FL00031,AC1012,OPERATES_FLIGHT
FL00032,AC1018,OPERATES_FLIGHT
FL00033,AC1002,OPERATES_FLIGHT
FL00034,AC1019,OPERATES_FLIGHT
FL00035,AC1010,OPERATES_FLIGHT
FL00036,AC1007,OPERATES_FLIGHT
FL00037,AC1009,OPERATES_FLIGHT
FL00038,AC1008,OPERATES_FLIGHT
FL00039,AC1012,OPERATES_FLIGHT
FL00040,AC1009,OPERATES_FLIGHT
FL00041,AC1011,OPERATES_FLIGHT
FL00042,AC1002,OPERATES_FLIGHT
FL00043,AC1016,OPERATES_FLIGHT
FL00044,AC1015,OPERATES_FLIGHT
FL00045,AC1008,OPERATES_FLIGHT
FL00046,AC1003,OPERATES_FLIGHT
FL00047,AC1008,OPERATES_FLIGHT
FL00048,AC1016,OPERATES_FLIGHT
FL00049,AC1006,OPERATES_FLIGHT
FL00050,AC1004,OPERATES_FLIGHT
FL00051,AC1013,OPERATES_FLIGHT
FL00052,AC1004,OPERATES_FLIGHT
FL00053,AC1009,OPERATES_FLIGHT
FL00054,AC1020,OPERATES_FLIGHT
FL00055,AC1012,OPERATES_FLIGHT
FL00056,AC1003,OPERATES_FLIGHT
FL00057,AC1007,OPERATES_FLIGHT
FL00058,AC1012,OPERATES_FLIGHT
FL00059,AC1016,OPERATES_FLIGHT
FL00060,AC1011,OPERATES_FLIGHT
FL00061,AC1007,OPERATES_FLIGHT
FL00062,AC1013,OPERATES_FLIGHT
FL00063,AC1008,OPERATES_FLIGHT
FL00064,AC1005,OPERATES_FLIGHT
FL00065,AC1005,OPERATES_FLIGHT
FL00066,AC1017,OPERATES_FLIGHT
FL00067,AC1009,OPERATES_FLIGHT
FL00068,AC1001,OPERATES_FLIGHT
FL00069,AC1005,OPERATES_FLIGHT
FL00070,AC1002,OPERATES_FLIGHT
FL00071,AC1018,OPERATES_FLIGHT
FL00072,AC1007,OPERATES_FLIGHT
FL00073,AC1004,OPERATES_FLIGHT
FL00074,AC1007,OPERATES_FLIGHT
FL00075,AC1010,OPERATES_FLIGHT
FL00076,AC1019,OPERATES_FLIGHT
FL00077,AC1005,OPERATES_FLIGHT
FL00078,AC1014,OPERATES_FLIGHT
FL00079,AC1009,OPERATES_FLIGHT
FL00080,AC1005,OPERATES_FLIGHT
FL00081,AC1002,OPERATES_FLIGHT
FL00082,AC1009,OPERATES_FLIGHT
FL00083,AC1019,OPERATES_FLIGHT
FL00084,AC1011,OPERATES_FLIGHT
FL00085,AC1018,OPERATES_FLIGHT
FL00086,AC1014,OPERATES_FLIGHT
FL00087,AC1007,OPERATES_FLIGHT
FL00088,AC1020,OPERATES_FLIGHT
FL00089,AC1001,OPERATES_FLIGHT
FL00090,AC1012,OPERATES_FLIGHT
FL00091,AC1020,OPERATES_FLIGHT
FL00092,AC1006,OPERATES_FLIGHT
FL00093,AC1018,OPERATES_FLIGHT
FL00094,AC1005,OPERATES_FLIGHT
FL00095,AC1017,OPERATES_FLIGHT
FL00096,AC1018,OPERATES_FLIGHT
FL00097,AC1011,OPERATES_FLIGHT
FL00098,AC1011,OPERATES_FLIGHT
FL00099,AC1006,OPERATES_FLIGHT
FL00100,AC1005,OPERATES_FLIGHT
FL00101,AC1010,OPERATES_FLIGHT
FL00102,AC1011,OPERATES_FLIGHT
FL00103,AC1002,OPERATES_FLIGHT
FL00104,AC1012,OPERATES_FLIGHT
FL00105,AC1004,OPERATES_FLIGHT
FL00106,AC1007,OPERATES_FLIGHT
FL00107,AC1017,OPERATES_FLIGHT
FL00108,AC1017,OPERATES_FLIGHT
FL00109,AC1007,OPERATES_FLIGHT
FL00110,AC1017,OPERATES_FLIGHT
FL00111,AC1014,OPERATES_FLIGHT
FL00112,AC1009,OPERATES_FLIGHT
FL00113,AC1002,OPERATES_FLIGHT
FL00114,AC1009,OPERATES_FLIGHT
FL00115,AC1015,OPERATES_FLIGHT
FL00116,AC1018,OPERATES_FLIGHT
FL00117,AC1008,OPERATES_FLIGHT
FL00118,AC1007,OPERATES_FLIGHT
FL00119,AC1009,OPERATES_FLIGHT
FL00120,AC1020,OPERATES_FLIGHT
FL00121,AC1013,OPERATES_FLIGHT
FL00122,AC1006,OPERATES_FLIGHT
FL00123,AC1018,OPERATES_FLIGHT
FL00124,AC1003,OPERATES_FLIGHT
FL00125,AC1016,OPERATES_FLIGHT
FL00126,AC1018,OPERATES_FLIGHT
FL00127,AC1015,OPERATES_FLIGHT
FL00128,AC1010,OPERATES_FLIGHT
FL00129,AC1002,OPERATES_FLIGHT
FL00130,AC1014,OPERATES_FLIGHT
FL00131,AC1011,OPERATES_FLIGHT
FL00132,AC1008,OPERATES_FLIGHT
FL00133,AC1002,OPERATES_FLIGHT
FL00134,AC1015,OPERATES_FLIGHT
FL00135,AC1002,OPERATES_FLIGHT
FL00136,AC1019,OPERATES_FLIGHT
FL00137,AC1003,OPERATES_FLIGHT
FL00138,AC1020,OPERATES_FLIGHT
FL00139,AC1012,OPERATES_FLIGHT
FL00140,AC1020,OPERATES_FLIGHT
FL00141,AC1010,OPERATES_FLIGHT
FL00142,AC1005,OPERATES_FLIGHT
FL00143,AC1018,OPERATES_FLIGHT
FL00144,AC1003,OPERATES_FLIGHT
FL00145,AC1018,OPERATES_FLIGHT
FL00146,AC1006,OPERATES_FLIGHT
FL00147,AC1018,OPERATES_FLIGHT
FL00148,AC1009,OPERATES_FLIGHT
FL00149,AC1013,OPERATES_FLIGHT
FL00150,AC1007,OPERATES_FLIGHT
FL00151,AC1006,OPERATES_FLIGHT
FL00152,AC1011,OPERATES_FLIGHT
FL00153,AC1017,OPERATES_FLIGHT
FL00154,AC1006,OPERATES_FLIGHT
FL00155,AC1001,OPERATES_FLIGHT
FL00156,AC1009,OPERATES_FLIGHT
FL00157,AC1004,OPERATES_FLIGHT
FL00158,AC1014,OPERATES_FLIGHT
FL00159,AC1011,OPERATES_FLIGHT
FL00160,AC1001,OPERATES_FLIGHT
FL00161,AC1011,OPERATES_FLIGHT
FL00162,AC1019,OPERATES_FLIGHT
FL00163,AC1001,OPERATES_FLIGHT
FL00164,AC1006,OPERATES_FLIGHT
FL00165,AC1020,OPERATES_FLIGHT
FL00166,AC1016,OPERATES_FLIGHT
FL00167,AC1018,OPERATES_FLIGHT
FL00168,AC1008,OPERATES_FLIGHT
FL00169,AC1003,OPERATES_FLIGHT
FL00170,AC1011,OPERATES_FLIGHT
FL00171,AC1014,OPERATES_FLIGHT
FL00172,AC1003,OPERATES_FLIGHT
FL00173,AC1011,OPERATES_FLIGHT
FL00174,AC1006,OPERATES_FLIGHT
FL00175,AC1001,OPERATES_FLIGHT
FL00176,AC1009,OPERATES_FLIGHT
FL00177,AC1012,OPERATES_FLIGHT
FL00178,AC1012,OPERATES_FLIGHT
FL00179,AC1006,OPERATES_FLIGHT
FL00180,AC1017,OPERATES_FLIGHT
FL00181,AC1010,OPERATES_FLIGHT
FL00182,AC1019,OPERATES_FLIGHT
FL00183,AC1005,OPERATES_FLIGHT
FL00184,AC1001,OPERATES_FLIGHT
FL00185,AC1012,OPERATES_FLIGHT
FL00186,AC1016,OPERATES_FLIGHT
FL00187,AC1019,OPERATES_FLIGHT
FL00188,AC1013,OPERATES_FLIGHT
FL00189,AC1003,OPERATES_FLIGHT
FL00190,AC1003,OPERATES_FLIGHT
FL00191,AC1020,OPERATES_FLIGHT
FL00192,AC1011,OPERATES_FLIGHT
FL00193,AC1012,OPERATES_FLIGHT
FL00194,AC1018,OPERATES_FLIGHT
FL00195,AC1007,OPERATES_FLIGHT
FL00196,AC1016,OPERATES_FLIGHT
FL00197,AC1009,OPERATES_FLIGHT
FL00198,AC1020,OPERATES_FLIGHT
FL00199,AC1005,OPERATES_FLIGHT
FL00200,AC1014,OPERATES_FLIGHT
FL00201,AC1015,OPERATES_FLIGHT
FL00202,AC1009,OPERATES_FLIGHT
FL00203,AC1012,OPERATES_FLIGHT
FL00204,AC1017,OPERATES_FLIGHT
FL00205,AC1005,OPERATES_FLIGHT
FL00206,AC1016,OPERATES_FLIGHT
FL00207,AC1013,OPERATES_FLIGHT
FL00208,AC1004,OPERATES_FLIGHT
FL00209,AC1001,OPERATES_FLIGHT
FL00210,AC1016,OPERATES_FLIGHT
FL00211,AC1004,OPERATES_FLIGHT
FL00212,AC1012,OPERATES_FLIGHT
FL00213,AC1003,OPERATES_FLIGHT
FL00214,AC1008,OPERATES_FLIGHT
FL00215,AC1008,OPERATES_FLIGHT
FL00216,AC1002,OPERATES_FLIGHT
FL00217,AC1017,OPERATES_FLIGHT
FL00218,AC1004,OPERATES_FLIGHT
FL00219,AC1016,OPERATES_FLIGHT
FL00220,AC1019,OPERATES_FLIGHT
FL00221,AC1007,OPERATES_FLIGHT
FL00222,AC1013,OPERATES_FLIGHT
FL00223,AC1003,OPERATES_FLIGHT
FL00224,AC1018,OPERATES_FLIGHT
FL00225,AC1017,OPERATES_FLIGHT
FL00226,AC1008,OPERATES_FLIGHT
FL00227,AC1015,OPERATES_FLIGHT
FL00228,AC1004,OPERATES_FLIGHT
FL00229,AC1018,OPERATES_FLIGHT
FL00230,AC1007,OPERATES_FLIGHT
FL00231,AC1003,OPERATES_FLIGHT
FL00232,AC1017,OPERATES_FLIGHT
FL00233,AC1005,OPERATES_FLIGHT
FL00234,AC1006,OPERATES_FLIGHT
FL00235,AC1016,OPERATES_FLIGHT
FL00236,AC1012,OPERATES_FLIGHT
FL00237,AC1017,OPERATES_FLIGHT
FL00238,AC1015,OPERATES_FLIGHT
FL00239,AC1014,OPERATES_FLIGHT
FL00240,AC1009,OPERATES_FLIGHT
FL00241,AC1006,OPERATES_FLIGHT
FL00242,AC1006,OPERATES_FLIGHT
FL00243,AC1001,OPERATES_FLIGHT
FL00244,AC1018,OPERATES_FLIGHT
FL00245,AC1017,OPERATES_FLIGHT
FL00246,AC1002,OPERATES_FLIGHT
FL00247,AC1002,OPERATES_FLIGHT
FL00248,AC1006,OPERATES_FLIGHT
FL00249,AC1014,OPERATES_FLIGHT
FL00250,AC1016,OPERATES_FLIGHT
FL00251,AC1002,OPERATES_FLIGHT
FL00252,AC1019,OPERATES_FLIGHT
FL00253,AC1015,OPERATES_FLIGHT
FL00254,AC1005,OPERATES_FLIGHT
FL00255,AC1007,OPERATES_FLIGHT
FL00256,AC1019,OPERATES_FLIGHT
FL00257,AC1008,OPERATES_FLIGHT
FL00258,AC1006,OPERATES_FLIGHT
FL00259,AC1009,OPERATES_FLIGHT
FL00260,AC1019,OPERATES_FLIGHT
FL00261,AC1019,OPERATES_FLIGHT
FL00262,AC1002,OPERATES_FLIGHT
FL00263,AC1012,OPERATES_FLIGHT
FL00264,AC1006,OPERATES_FLIGHT
FL00265,AC1016,OPERATES_FLIGHT
FL00266,AC1003,OPERATES_FLIGHT
FL00267,AC1011,OPERATES_FLIGHT
FL00268,AC1003,OPERATES_FLIGHT
FL00269,AC1001,OPERATES_FLIGHT
FL00270,AC1009,OPERATES_FLIGHT
FL00271,AC1020,OPERATES_FLIGHT
FL00272,AC1020,OPERATES_FLIGHT
FL00273,AC1004,OPERATES_FLIGHT
FL00274,AC1011,OPERATES_FLIGHT
FL00275,AC1002,OPERATES_FLIGHT
FL00276,AC1019,OPERATES_FLIGHT
FL00277,AC1015,OPERATES_FLIGHT
FL00278,AC1017,OPERATES_FLIGHT
FL00279,AC1004,OPERATES_FLIGHT
FL00280,AC1003,OPERATES_FLIGHT
FL00281,AC1009,OPERATES_FLIGHT
FL00282,AC1019,OPERATES_FLIGHT
FL00283,AC1016,OPERATES_FLIGHT
FL00284,AC1019,OPERATES_FLIGHT
FL00285,AC1001,OPERATES_FLIGHT
FL00286,AC1009,OPERATES_FLIGHT
FL00287,AC1003,OPERATES_FLIGHT
FL00288,AC1008,OPERATES_FLIGHT
FL00289,AC1006,OPERATES_FLIGHT
FL00290,AC1012,OPERATES_FLIGHT
FL00291,AC1016,OPERATES_FLIGHT
FL00292,AC1018,OPERATES_FLIGHT
FL00293,AC1007,OPERATES_FLIGHT
FL00294,AC1019,OPERATES_FLIGHT
FL00295,AC1007,OPERATES_FLIGHT
FL00296,AC1018,OPERATES_FLIGHT
FL00297,AC1009,OPERATES_FLIGHT
FL00298,AC1014,OPERATES_FLIGHT
FL00299,AC1006,OPERATES_FLIGHT
FL00300,AC1001,OPERATES_FLIGHT
FL00301,AC1009,OPERATES_FLIGHT
FL00302,AC1009,OPERATES_FLIGHT
FL00303,AC1001,OPERATES_FLIGHT
FL00304,AC1003,OPERATES_FLIGHT
FL00305,AC1001,OPERATES_FLIGHT
FL00306,AC1007,OPERATES_FLIGHT
FL00307,AC1012,OPERATES_FLIGHT
FL00308,AC1009,OPERATES_FLIGHT
FL00309,AC1020,OPERATES_FLIGHT
FL00310,AC1020,OPERATES_FLIGHT
FL00311,AC1017,OPERATES_FLIGHT
FL00312,AC1016,OPERATES_FLIGHT
FL00313,AC1016,OPERATES_FLIGHT
FL00314,AC1011,OPERATES_FLIGHT
FL00315,AC1020,OPERATES_FLIGHT
FL00316,AC1006,OPERATES_FLIGHT
FL00317,AC1018,OPERATES_FLIGHT
FL00318,AC1004,OPERATES_FLIGHT
FL00319,AC1004,OPERATES_FLIGHT
FL00320,AC1018,OPERATES_FLIGHT
FL00321,AC1001,OPERATES_FLIGHT
FL00322,AC1008,OPERATES_FLIGHT
FL00323,AC1009,OPERATES_FLIGHT
FL00324,AC1006,OPERATES_FLIGHT
FL00325,AC1016,OPERATES_FLIGHT
FL00326,AC1001,OPERATES_FLIGHT
FL00327,AC1019,OPERATES_FLIGHT
FL00328,AC1014,OPERATES_FLIGHT
FL00329,AC1016,OPERATES_FLIGHT
FL00330,AC1015,OPERATES_FLIGHT
FL00331,AC1014,OPERATES_FLIGHT
FL00332,AC1011,OPERATES_FLIGHT
FL00333,AC1018,OPERATES_FLIGHT
FL00334,AC1020,OPERATES_FLIGHT
FL00335,AC1006,OPERATES_FLIGHT
FL00336,AC1007,OPERATES_FLIGHT
FL00337,AC1013,OPERATES_FLIGHT
FL00338,AC1013,OPERATES_FLIGHT
FL00339,AC1018,OPERATES_FLIGHT
FL00340,AC1002,OPERATES_FLIGHT
FL00341,AC1008,OPERATES_FLIGHT
FL00342,AC1006,OPERATES_FLIGHT
FL00343,AC1004,OPERATES_FLIGHT
FL00344,AC1014,OPERATES_FLIGHT
FL00345,AC1007,OPERATES_FLIGHT
FL00346,AC1001,OPERATES_FLIGHT
FL00347,AC1019,OPERATES_FLIGHT
FL00348,AC1016,OPERATES_FLIGHT
FL00349,AC1015,OPERATES_FLIGHT
FL00350,AC1001,OPERATES_FLIGHT
FL00351,AC1008,OPERATES_FLIGHT
FL00352,AC1004,OPERATES_FLIGHT
FL00353,AC1012,OPERATES_FLIGHT
FL00354,AC1014,OPERATES_FLIGHT
FL00355,AC1018,OPERATES_FLIGHT
FL00356,AC1007,OPERATES_FLIGHT
FL00357,AC1013,OPERATES_FLIGHT
FL00358,AC1009,OPERATES_FLIGHT
FL00359,AC1014,OPERATES_FLIGHT
FL00360,AC1007,OPERATES_FLIGHT
FL00361,AC1015,OPERATES_FLIGHT
FL00362,AC1007,OPERATES_FLIGHT
FL00363,AC1014,OPERATES_FLIGHT
FL00364,AC1013,OPERATES_FLIGHT
FL00365,AC1019,OPERATES_FLIGHT
FL00366,AC1008,OPERATES_FLIGHT
FL00367,AC1010,OPERATES_FLIGHT
FL00368,AC1010,OPERATES_FLIGHT
FL00369,AC1020,OPERATES_FLIGHT
FL00370,AC1019,OPERATES_FLIGHT
FL00371,AC1016,OPERATES_FLIGHT
FL00372,AC1006,OPERATES_FLIGHT
FL00373,AC1012,OPERATES_FLIGHT
FL00374,AC1003,OPERATES_FLIGHT
FL00375,AC1009,OPERATES_FLIGHT
FL00376,AC1007,OPERATES_FLIGHT
FL00377,AC1011,OPERATES_FLIGHT
FL00378,AC1012,OPERATES_FLIGHT
FL00379,AC1002,OPERATES_FLIGHT
FL00380,AC1010,OPERATES_FLIGHT
FL00381,AC1009,OPERATES_FLIGHT
FL00382,AC1006,OPERATES_FLIGHT
FL00383,AC1019,OPERATES_FLIGHT
FL00384,AC1007,OPERATES_FLIGHT
FL00385,AC1012,OPERATES_FLIGHT
FL00386,AC1008,OPERATES_FLIGHT
FL00387,AC1011,OPERATES_FLIGHT
FL00388,AC1019,OPERATES_FLIGHT
FL00389,AC1006,OPERATES_FLIGHT
FL00390,AC1019,OPERATES_FLIGHT
FL00391,AC1001,OPERATES_FLIGHT
FL00392,AC1008,OPERATES_FLIGHT
FL00393,AC1017,OPERATES_FLIGHT
FL00394,AC1020,OPERATES_FLIGHT
FL00395,AC1015,OPERATES_FLIGHT
FL00396,AC1011,OPERATES_FLIGHT
FL00397,AC1004,OPERATES_FLIGHT
FL00398,AC1008,OPERATES_FLIGHT
FL00399,AC1003,OPERATES_FLIGHT
FL00400,AC1005,OPERATES_FLIGHT
FL00401,AC1014,OPERATES_FLIGHT
FL00402,AC1002,OPERATES_FLIGHT
FL00403,AC1005,OPERATES_FLIGHT
FL00404,AC1004,OPERATES_FLIGHT
FL00405,AC1019,OPERATES_FLIGHT
FL00406,AC1016,OPERATES_FLIGHT
FL00407,AC1018,OPERATES_FLIGHT
FL00408,AC1017,OPERATES_FLIGHT
FL00409,AC1006,OPERATES_FLIGHT
FL00410,AC1008,OPERATES_FLIGHT
FL00411,AC1019,OPERATES_FLIGHT
FL00412,AC1016,OPERATES_FLIGHT
FL00413,AC1001,OPERATES_FLIGHT
FL00414,AC1016,OPERATES_FLIGHT
FL00415,AC1006,OPERATES_FLIGHT
FL00416,AC1006,OPERATES_FLIGHT
FL00417,AC1009,OPERATES_FLIGHT
FL00418,AC1010,OPERATES_FLIGHT
FL00419,AC1009,OPERATES_FLIGHT
FL00420,AC1017,OPERATES_FLIGHT
FL00421,AC1013,OPERATES_FLIGHT
FL00422,AC1008,OPERATES_FLIGHT
FL00423,AC1010,OPERATES_FLIGHT
FL00424,AC1017,OPERATES_FLIGHT
FL00425,AC1001,OPERATES_FLIGHT
FL00426,AC1013,OPERATES_FLIGHT
FL00427,AC1016,OPERATES_FLIGHT
FL00428,AC1008,OPERATES_FLIGHT
FL00429,AC1017,OPERATES_FLIGHT
FL00430,AC1019,OPERATES_FLIGHT
FL00431,AC1017,OPERATES_FLIGHT
FL00432,AC1019,OPERATES_FLIGHT
FL00433,AC1016,OPERATES_FLIGHT
FL00434,AC1020,OPERATES_FLIGHT
FL00435,AC1020,OPERATES_FLIGHT
FL00436,AC1012,OPERATES_FLIGHT
FL00437,AC1008,OPERATES_FLIGHT
FL00438,AC1016,OPERATES_FLIGHT
FL00439,AC1018,OPERATES_FLIGHT
FL00440,AC1012,OPERATES_FLIGHT
FL00441,AC1018,OPERATES_FLIGHT
FL00442,AC1020,OPERATES_FLIGHT
FL00443,AC1020,OPERATES_FLIGHT
FL00444,AC1012,OPERATES_FLIGHT
FL00445,AC1020,OPERATES_FLIGHT
FL00446,AC1003,OPERATES_FLIGHT
FL00447,AC1013,OPERATES_FLIGHT
FL00448,AC1002,OPERATES_FLIGHT
FL00449,AC1013,OPERATES_FLIGHT
FL00450,AC1002,OPERATES_FLIGHT
FL00451,AC1007,OPERATES_FLIGHT
FL00452,AC1009,OPERATES_FLIGHT
FL00453,AC1006,OPERATES_FLIGHT
FL00454,AC1017,OPERATES_FLIGHT
FL00455,AC1002,OPERATES_FLIGHT
FL00456,AC1014,OPERATES_FLIGHT
FL00457,AC1012,OPERATES_FLIGHT
FL00458,AC1008,OPERATES_FLIGHT
FL00459,AC1009,OPERATES_FLIGHT
FL00460,AC1006,OPERATES_FLIGHT
FL00461,AC1011,OPERATES_FLIGHT
FL00462,AC1019,OPERATES_FLIGHT
FL00463,AC1020,OPERATES_FLIGHT
FL00464,AC1011,OPERATES_FLIGHT
FL00465,AC1019,OPERATES_FLIGHT
FL00466,AC1014,OPERATES_FLIGHT
FL00467,AC1007,OPERATES_FLIGHT
FL00468,AC1010,OPERATES_FLIGHT
FL00469,AC1017,OPERATES_FLIGHT
FL00470,AC1012,OPERATES_FLIGHT
FL00471,AC1002,OPERATES_FLIGHT
FL00472,AC1007,OPERATES_FLIGHT
FL00473,AC1011,OPERATES_FLIGHT
FL00474,AC1001,OPERATES_FLIGHT
FL00475,AC1009,OPERATES_FLIGHT
FL00476,AC1016,OPERATES_FLIGHT
FL00477,AC1014,OPERATES_FLIGHT
FL00478,AC1007,OPERATES_FLIGHT
FL00479,AC1013,OPERATES_FLIGHT
FL00480,AC1005,OPERATES_FLIGHT
FL00481,AC1014,OPERATES_FLIGHT
FL00482,AC1013,OPERATES_FLIGHT
FL00483,AC1004,OPERATES_FLIGHT
FL00484,AC1006,OPERATES_FLIGHT
FL00485,AC1018,OPERATES_FLIGHT
FL00486,AC1017,OPERATES_FLIGHT
FL00487,AC1015,OPERATES_FLIGHT
FL00488,AC1018,OPERATES_FLIGHT
FL00489,AC1011,OPERATES_FLIGHT
FL00490,AC1011,OPERATES_FLIGHT
FL00491,AC1015,OPERATES_FLIGHT
FL00492,AC1014,OPERATES_FLIGHT
FL00493,AC1016,OPERATES_FLIGHT
FL00494,AC1002,OPERATES_FLIGHT
FL00495,AC1013,OPERATES_FLIGHT
FL00496,AC1009,OPERATES_FLIGHT
FL00497,AC1010,OPERATES_FLIGHT
FL00498,AC1014,OPERATES_FLIGHT
FL00499,AC1018,OPERATES_FLIGHT
FL00500,AC1010,OPERATES_FLIGHT
FL00501,AC1014,OPERATES_FLIGHT
FL00502,AC1015,OPERATES_FLIGHT
FL00503,AC1017,OPERATES_FLIGHT
FL00504,AC1001,OPERATES_FLIGHT
FL00505,AC1002,OPERATES_FLIGHT
FL00506,AC1006,OPERATES_FLIGHT
FL00507,AC1014,OPERATES_FLIGHT
FL00508,AC1001,OPERATES_FLIGHT
FL00509,AC1002,OPERATES_FLIGHT
FL00510,AC1017,OPERATES_FLIGHT
FL00511,AC1001,OPERATES_FLIGHT
FL00512,AC1017,OPERATES_FLIGHT
FL00513,AC1016,OPERATES_FLIGHT
FL00514,AC1018,OPERATES_FLIGHT
FL00515,AC1005,OPERATES_FLIGHT
FL00516,AC1015,OPERATES_FLIGHT
FL00517,AC1008,OPERATES_FLIGHT
FL00518,AC1017,OPERATES_FLIGHT
FL00519,AC1002,OPERATES_FLIGHT
FL00520,AC1008,OPERATES_FLIGHT
FL00521,AC1012,OPERATES_FLIGHT
FL00522,AC1011,OPERATES_FLIGHT
FL00523,AC1011,OPERATES_FLIGHT
FL00524,AC1006,OPERATES_FLIGHT
FL00525,AC1009,OPERATES_FLIGHT
FL00526,AC1010,OPERATES_FLIGHT
FL00527,AC1016,OPERATES_FLIGHT
FL00528,AC1001,OPERATES_FLIGHT
FL00529,AC1002,OPERATES_FLIGHT
FL00530,AC1007,OPERATES_FLIGHT
FL00531,AC1015,OPERATES_FLIGHT
FL00532,AC1017,OPERATES_FLIGHT
FL00533,AC1014,OPERATES_FLIGHT
FL00534,AC1020,OPERATES_FLIGHT
FL00535,AC1001,OPERATES_FLIGHT
FL00536,AC1018,OPERATES_FLIGHT
FL00537,AC1003,OPERATES_FLIGHT
FL00538,AC1003,OPERATES_FLIGHT
FL00539,AC1001,OPERATES_FLIGHT
FL00540,AC1008,OPERATES_FLIGHT
FL00541,AC1009,OPERATES_FLIGHT
FL00542,AC1008,OPERATES_FLIGHT
FL00543,AC1003,OPERATES_FLIGHT
FL00544,AC1003,OPERATES_FLIGHT
FL00545,AC1006,OPERATES_FLIGHT
FL00546,AC1014,OPERATES_FLIGHT
FL00547,AC1008,OPERATES_FLIGHT
FL00548,AC1012,OPERATES_FLIGHT
FL00549,AC1014,OPERATES_FLIGHT
FL00550,AC1007,OPERATES_FLIGHT
FL00551,AC1019,OPERATES_FLIGHT
FL00552,AC1007,OPERATES_FLIGHT
FL00553,AC1007,OPERATES_FLIGHT
FL00554,AC1006,OPERATES_FLIGHT
FL00555,AC1002,OPERATES_FLIGHT
FL00556,AC1020,OPERATES_FLIGHT
FL00557,AC1001,OPERATES_FLIGHT
FL00558,AC1020,OPERATES_FLIGHT
FL00559,AC1018,OPERATES_FLIGHT
FL00560,AC1016,OPERATES_FLIGHT
FL00561,AC1017,OPERATES_FLIGHT
FL00562,AC1002,OPERATES_FLIGHT
FL00563,AC1005,OPERATES_FLIGHT
FL00564,AC1019,OPERATES_FLIGHT
FL00565,AC1012,OPERATES_FLIGHT
FL00566,AC1011,OPERATES_FLIGHT
FL00567,AC1009,OPERATES_FLIGHT
FL00568,AC1017,OPERATES_FLIGHT
FL00569,AC1005,OPERATES_FLIGHT
FL00570,AC1016,OPERATES_FLIGHT
FL00571,AC1001,OPERATES_FLIGHT
FL00572,AC1012,OPERATES_FLIGHT
FL00573,AC1011,OPERATES_FLIGHT
FL00574,AC1019,OPERATES_FLIGHT
FL00575,AC1004,OPERATES_FLIGHT
FL00576,AC1015,OPERATES_FLIGHT
FL00577,AC1009,OPERATES_FLIGHT
FL00578,AC1005,OPERATES_FLIGHT
FL00579,AC1002,OPERATES_FLIGHT
FL00580,AC1016,OPERATES_FLIGHT
FL00581,AC1011,OPERATES_FLIGHT
FL00582,AC1016,OPERATES_FLIGHT
FL00583,AC1017,OPERATES_FLIGHT
FL00584,AC1003,OPERATES_FLIGHT
FL00585,AC1007,OPERATES_FLIGHT
FL00586,AC1018,OPERATES_FLIGHT
FL00587,AC1001,OPERATES_FLIGHT
FL00588,AC1008,OPERATES_FLIGHT
FL00589,AC1004,OPERATES_FLIGHT
FL00590,AC1015,OPERATES_FLIGHT
FL00591,AC1001,OPERATES_FLIGHT
FL00592,AC1020,OPERATES_FLIGHT
FL00593,AC1009,OPERATES_FLIGHT
FL00594,AC1011,OPERATES_FLIGHT
FL00595,AC1004,OPERATES_FLIGHT
FL00596,AC1020,OPERATES_FLIGHT
FL00597,AC1016,OPERATES_FLIGHT
FL00598,AC1007,OPERATES_FLIGHT
FL00599,AC1020,OPERATES_FLIGHT
FL00600,AC1004,OPERATES_FLIGHT
FL00601,AC1006,OPERATES_FLIGHT
FL00602,AC1014,OPERATES_FLIGHT
FL00603,AC1015,OPERATES_FLIGHT
FL00604,AC1014,OPERATES_FLIGHT
FL00605,AC1011,OPERATES_FLIGHT
FL00606,AC1007,OPERATES_FLIGHT
FL00607,AC1015,OPERATES_FLIGHT
FL00608,AC1020,OPERATES_FLIGHT
FL00609,AC1013,OPERATES_FLIGHT
FL00610,AC1017,OPERATES_FLIGHT
FL00611,AC1010,OPERATES_FLIGHT
FL00612,AC1014,OPERATES_FLIGHT
FL00613,AC1002,OPERATES_FLIGHT
FL00614,AC1010,OPERATES_FLIGHT
FL00615,AC1015,OPERATES_FLIGHT
FL00616,AC1004,OPERATES_FLIGHT
FL00617,AC1010,OPERATES_FLIGHT
FL00618,AC1013,OPERATES_FLIGHT
FL00619,AC1018,OPERATES_FLIGHT
FL00620,AC1003,OPERATES_FLIGHT
FL00621,AC1011,OPERATES_FLIGHT
FL00622,AC1009,OPERATES_FLIGHT
FL00623,AC1011,OPERATES_FLIGHT
FL00624,AC1005,OPERATES_FLIGHT
FL00625,AC1018,OPERATES_FLIGHT
FL00626,AC1006,OPERATES_FLIGHT
FL00627,AC1011,OPERATES_FLIGHT
FL00628,AC1019,OPERATES_FLIGHT
FL00629,AC1015,OPERATES_FLIGHT
FL00630,AC1011,OPERATES_FLIGHT
FL00631,AC1015,OPERATES_FLIGHT
FL00632,AC1013,OPERATES_FLIGHT
FL00633,AC1003,OPERATES_FLIGHT
FL00634,AC1014,OPERATES_FLIGHT
FL00635,AC1015,OPERATES_FLIGHT
FL00636,AC1015,OPERATES_FLIGHT
FL00637,AC1007,OPERATES_FLIGHT
FL00638,AC1007,OPERATES_FLIGHT
FL00639,AC1012,OPERATES_FLIGHT
FL00640,AC1007,OPERATES_FLIGHT
FL00641,AC1004,OPERATES_FLIGHT
FL00642,AC1005,OPERATES_FLIGHT
FL00643,AC1014,OPERATES_FLIGHT
FL00644,AC1018,OPERATES_FLIGHT
FL00645,AC1011,OPERATES_FLIGHT
FL00646,AC1013,OPERATES_FLIGHT
FL00647,AC1009,OPERATES_FLIGHT
FL00648,AC1012,OPERATES_FLIGHT
FL00649,AC1013,OPERATES_FLIGHT
FL00650,AC1005,OPERATES_FLIGHT
FL00651,AC1019,OPERATES_FLIGHT
FL00652,AC1013,OPERATES_FLIGHT
FL00653,AC1014,OPERATES_FLIGHT
FL00654,AC1001,OPERATES_FLIGHT
FL00655,AC1004,OPERATES_FLIGHT
FL00656,AC1010,OPERATES_FLIGHT
FL00657,AC1011,OPERATES_FLIGHT
FL00658,AC1018,OPERATES_FLIGHT
FL00659,AC1013,OPERATES_FLIGHT
FL00660,AC1001,OPERATES_FLIGHT
FL00661,AC1006,OPERATES_FLIGHT
FL00662,AC1011,OPERATES_FLIGHT
FL00663,AC1020,OPERATES_FLIGHT
FL00664,AC1008,OPERATES_FLIGHT
FL00665,AC1006,OPERATES_FLIGHT
FL00666,AC1010,OPERATES_FLIGHT
FL00667,AC1016,OPERATES_FLIGHT
FL00668,AC1006,OPERATES_FLIGHT
FL00669,AC1003,OPERATES_FLIGHT
FL00670,AC1019,OPERATES_FLIGHT
FL00671,AC1001,OPERATES_FLIGHT
FL00672,AC1011,OPERATES_FLIGHT
FL00673,AC1018,OPERATES_FLIGHT
FL00674,AC1016,OPERATES_FLIGHT
FL00675,AC1011,OPERATES_FLIGHT
FL00676,AC1016,OPERATES_FLIGHT
FL00677,AC1014,OPERATES_FLIGHT
FL00678,AC1018,OPERATES_FLIGHT
FL00679,AC1008,OPERATES_FLIGHT
FL00680,AC1010,OPERATES_FLIGHT
FL00681,AC1001,OPERATES_FLIGHT
FL00682,AC1016,OPERATES_FLIGHT
FL00683,AC1002,OPERATES_FLIGHT
FL00684,AC1019,OPERATES_FLIGHT
FL00685,AC1002,OPERATES_FLIGHT
FL00686,AC1007,OPERATES_FLIGHT
FL00687,AC1008,OPERATES_FLIGHT
FL00688,AC1003,OPERATES_FLIGHT
FL00689,AC1007,OPERATES_FLIGHT
FL00690,AC1001,OPERATES_FLIGHT
FL00691,AC1017,OPERATES_FLIGHT
FL00692,AC1012,OPERATES_FLIGHT
FL00693,AC1003,OPERATES_FLIGHT
FL00694,AC1019,OPERATES_FLIGHT
FL00695,AC1018,OPERATES_FLIGHT
FL00696,AC1012,OPERATES_FLIGHT
FL00697,AC1018,OPERATES_FLIGHT
FL00698,AC1008,OPERATES_FLIGHT
FL00699,AC1007,OPERATES_FLIGHT
FL00700,AC1015,OPERATES_FLIGHT
FL00701,AC1010,OPERATES_FLIGHT
FL00702,AC1001,OPERATES_FLIGHT
FL00703,AC1005,OPERATES_FLIGHT
FL00704,AC1007,OPERATES_FLIGHT
FL00705,AC1010,OPERATES_FLIGHT
FL00706,AC1014,OPERATES_FLIGHT
FL00707,AC1018,OPERATES_FLIGHT
FL00708,AC1018,OPERATES_FLIGHT
FL00709,AC1015,OPERATES_FLIGHT
FL00710,AC1004,OPERATES_FLIGHT
FL00711,AC1017,OPERATES_FLIGHT
FL00712,AC1020,OPERATES_FLIGHT
FL00713,AC1012,OPERATES_FLIGHT
FL00714,AC1014,OPERATES_FLIGHT
FL00715,AC1002,OPERATES_FLIGHT
FL00716,AC1017,OPERATES_FLIGHT
FL00717,AC1007,OPERATES_FLIGHT
FL00718,AC1013,OPERATES_FLIGHT
FL00719,AC1018,OPERATES_FLIGHT
FL00720,AC1011,OPERATES_FLIGHT
FL00721,AC1003,OPERATES_FLIGHT
FL00722,AC1007,OPERATES_FLIGHT
FL00723,AC1017,OPERATES_FLIGHT
FL00724,AC1018,OPERATES_FLIGHT
FL00725,AC1016,OPERATES_FLIGHT
FL00726,AC1012,OPERATES_FLIGHT
FL00727,AC1002,OPERATES_FLIGHT
FL00728,AC1010,OPERATES_FLIGHT
FL00729,AC1002,OPERATES_FLIGHT
FL00730,AC1001,OPERATES_FLIGHT
FL00731,AC1018,OPERATES_FLIGHT
FL00732,AC1005,OPERATES_FLIGHT
FL00733,AC1013,OPERATES_FLIGHT
FL00734,AC1014,OPERATES_FLIGHT
FL00735,AC1020,OPERATES_FLIGHT
FL00736,AC1012,OPERATES_FLIGHT
FL00737,AC1001,OPERATES_FLIGHT
FL00738,AC1002,OPERATES_FLIGHT
FL00739,AC1007,OPERATES_FLIGHT
FL00740,AC1006,OPERATES_FLIGHT
FL00741,AC1009,OPERATES_FLIGHT
FL00742,AC1007,OPERATES_FLIGHT
FL00743,AC1016,OPERATES_FLIGHT
FL00744,AC1017,OPERATES_FLIGHT
FL00745,AC1018,OPERATES_FLIGHT
FL00746,AC1010,OPERATES_FLIGHT
FL00747,AC1020,OPERATES_FLIGHT
FL00748,AC1014,OPERATES_FLIGHT
FL00749,AC1002,OPERATES_FLIGHT
FL00750,AC1017,OPERATES_FLIGHT
FL00751,AC1014,OPERATES_FLIGHT
FL00752,AC1006,OPERATES_FLIGHT
FL00753,AC1007,OPERATES_FLIGHT
FL00754,AC1017,OPERATES_FLIGHT
FL00755,AC1009,OPERATES_FLIGHT
FL00756,AC1002,OPERATES_FLIGHT
FL00757,AC1011,OPERATES_FLIGHT
FL00758,AC1004,OPERATES_FLIGHT
FL00759,AC1008,OPERATES_FLIGHT
FL00760,AC1010,OPERATES_FLIGHT
FL00761,AC1016,OPERATES_FLIGHT
FL00762,AC1001,OPERATES_FLIGHT
FL00763,AC1004,OPERATES_FLIGHT
FL00764,AC1020,OPERATES_FLIGHT
FL00765,AC1011,OPERATES_FLIGHT
FL00766,AC1010,OPERATES_FLIGHT
FL00767,AC1006,OPERATES_FLIGHT
FL00768,AC1004,OPERATES_FLIGHT
FL00769,AC1011,OPERATES_FLIGHT
FL00770,AC1014,OPERATES_FLIGHT
FL00771,AC1003,OPERATES_FLIGHT
FL00772,AC1004,OPERATES_FLIGHT
FL00773,AC1013,OPERATES_FLIGHT
FL00774,AC1016,OPERATES_FLIGHT
FL00775,AC1014,OPERATES_FLIGHT
FL00776,AC1014,OPERATES_FLIGHT
FL00777,AC1008,OPERATES_FLIGHT
FL00778,AC1014,OPERATES_FLIGHT
FL00779,AC1016,OPERATES_FLIGHT
FL00780,AC1010,OPERATES_FLIGHT
FL00781,AC1016,OPERATES_FLIGHT
FL00782,AC1008,OPERATES_FLIGHT
FL00783,AC1020,OPERATES_FLIGHT
FL00784,AC1006,OPERATES_FLIGHT
FL00785,AC1001,OPERATES_FLIGHT
FL00786,AC1019,OPERATES_FLIGHT
FL00787,AC1012,OPERATES_FLIGHT
FL00788,AC1019,OPERATES_FLIGHT
FL00789,AC1001,OPERATES_FLIGHT
FL00790,AC1002,OPERATES_FLIGHT
FL00791,AC1007,OPERATES_FLIGHT
FL00792,AC1020,OPERATES_FLIGHT
FL00793,AC1010,OPERATES_FLIGHT
FL00794,AC1015,OPERATES_FLIGHT
FL00795,AC1020,OPERATES_FLIGHT
FL00796,AC1007,OPERATES_FLIGHT
FL00797,AC1011,OPERATES_FLIGHT
FL00798,AC1010,OPERATES_FLIGHT
FL00799,AC1010,OPERATES_FLIGHT
FL00800,AC1003,OPERATES_FLIGHT
