:END_ID(MaintenanceEvent),:START_ID(Component),:TYPE
ME0001,AC1002-S04-C02,HAS_EVENT
ME0002,AC1017-S01-C03,HAS_EVENT
ME0003,AC1003-S03-C01,HAS_EVENT
ME0004,AC1009-S04-C02,HAS_EVENT
ME0005,AC1008-S03-C01,HAS_EVENT
ME0006,AC1004-S04-C02,HAS_EVENT
ME0007,AC1005-S02-C05,HAS_EVENT
ME0008,AC1020-S01-C05,HAS_EVENT
ME0009,AC1008-S01-C02,HAS_EVENT
ME0010,AC1014-S03-C03,HAS_EVENT
ME0011,AC1005-S01-C01,HAS_EVENT
ME0012,AC1009-S02-C03,HAS_EVENT
ME0013,AC1002-S02-C02,HAS_EVENT
ME0014,AC1009-S04-C01,HAS_EVENT
ME0015,AC1016-S02-C03,HAS_EVENT
ME0016,AC1016-S02-C01,HAS_EVENT
ME0017,AC1015-S01-C03,HAS_EVENT
ME0018,AC1010-S01-C01,HAS_EVENT
ME0019,AC1008-S01-C05,HAS_EVENT
ME0020,AC1002-S02-C03,HAS_EVENT
ME0021,AC1017-S01-C05,HAS_EVENT
ME0022,AC1001-S01-C04,HAS_EVENT
ME0023,AC1001-S02-C05,HAS_EVENT
ME0024,AC1004-S02-C05,HAS_EVENT
ME0025,AC1020-S02-C03,HAS_EVENT
ME0026,AC1016-S03-C03,HAS_EVENT
ME0027,AC1007-S01-C05,HAS_EVENT
ME0028,AC1011-S04-C02,HAS_EVENT
ME0029,AC1013-S04-C02,HAS_EVENT
ME0030,AC1014-S02-C05,HAS_EVENT
ME0031,AC1003-S02-C02,HAS_EVENT
ME0032,AC1016-S04-C03,HAS_EVENT
ME0033,AC1009-S02-C01,HAS_EVENT
ME0034,AC1005-S02-C05,HAS_EVENT
ME0035,AC1008-S01-C02,HAS_EVENT
ME0036,AC1010-S04-C01,HAS_EVENT
ME0037,AC1010-S03-C01,HAS_EVENT
ME0038,AC1001-S02-C05,HAS_EVENT
ME0039,AC1006-S01-C04,HAS_EVENT
ME0040,AC1005-S04-C02,HAS_EVENT
ME0041,AC1002-S02-C01,HAS_EVENT
ME0042,AC1016-S01-C05,HAS_EVENT
ME0043,AC1003-S02-C02,HAS_EVENT
ME0044,AC1003-S02-C03,HAS_EVENT
ME0045,AC1004-S02-C02,HAS_EVENT
ME0046,AC1019-S02-C01,HAS_EVENT
ME0047,AC1001-S04-C03,HAS_EVENT
ME0048,AC1014-S02-C05,HAS_EVENT
ME0049,AC1013-S01-C03,HAS_EVENT
ME0050,AC1007-S02-C05,HAS_EVENT
ME0051,AC1010-S02-C03,HAS_EVENT
ME0052,AC1006-S02-C04,HAS_EVENT
ME0053,AC1020-S04-C02,HAS_EVENT
ME0054,AC1013-S02-C04,HAS_EVENT
ME0055,AC1001-S04-C02,HAS_EVENT
ME0056,AC1009-S01-C01,HAS_EVENT
ME0057,AC1015-S01-C05,HAS_EVENT
ME0058,AC1009-S03-C02,HAS_EVENT
ME0059,AC1007-S04-C01,HAS_EVENT
ME0060,AC1005-S01-C01,HAS_EVENT
ME0061,AC1013-S01-C05,HAS_EVENT
ME0062,AC1017-S01-C03,HAS_EVENT
ME0063,AC1002-S03-C01,HAS_EVENT
ME0064,AC1014-S02-C01,HAS_EVENT
ME0065,AC1001-S04-C02,HAS_EVENT
ME0066,AC1002-S04-C02,HAS_EVENT
ME0067,AC1017-S02-C04,HAS_EVENT
ME0068,AC1019-S02-C03,HAS_EVENT
ME0069,AC1012-S04-C01,HAS_EVENT
ME0070,AC1019-S02-C04,HAS_EVENT
ME0071,AC1013-S04-C01,HAS_EVENT
ME0072,AC1007-S03-C01,HAS_EVENT
ME0073,AC1002-S03-C01,HAS_EVENT
ME0074,AC1005-S02-C03,HAS_EVENT
ME0075,AC1005-S02-C02,HAS_EVENT
ME0076,AC1005-S01-C04,HAS_EVENT
ME0077,AC1002-S02-C03,HAS_EVENT
ME0078,AC1014-S04-C01,HAS_EVENT
ME0079,AC1004-S01-C04,HAS_EVENT
ME0080,AC1004-S04-C03,HAS_EVENT
ME0081,AC1005-S01-C01,HAS_EVENT
ME0082,AC1002-S02-C02,HAS_EVENT
ME0083,AC1016-S04-C02,HAS_EVENT
ME0084,AC1006-S01-C05,HAS_EVENT
ME0085,AC1020-S01-C03,HAS_EVENT
ME0086,AC1013-S01-C02,HAS_EVENT
ME0087,AC1014-S04-C01,HAS_EVENT
ME0088,AC1008-S02-C01,HAS_EVENT
ME0089,AC1002-S04-C03,HAS_EVENT
ME0090,AC1019-S04-C02,HAS_EVENT
ME0091,AC1003-S01-C02,HAS_EVENT
ME0092,AC1003-S01-C01,HAS_EVENT
ME0093,AC1014-S02-C04,HAS_EVENT
ME0094,AC1002-S02-C02,HAS_EVENT
ME0095,AC1012-S04-C01,HAS_EVENT
ME0096,AC1003-S03-C03,HAS_EVENT
ME0097,AC1020-S01-C03,HAS_EVENT
ME0098,AC1017-S02-C02,HAS_EVENT
ME0099,AC1004-S03-C03,HAS_EVENT
ME0100,AC1010-S01-C02,HAS_EVENT
ME0101,AC1009-S02-C02,HAS_EVENT
ME0102,AC1014-S04-C01,HAS_EVENT
ME0103,AC1009-S02-C01,HAS_EVENT
ME0104,AC1012-S04-C01,HAS_EVENT
ME0105,AC1016-S01-C05,HAS_EVENT
ME0106,AC1019-S04-C03,HAS_EVENT
ME0107,AC1006-S02-C01,HAS_EVENT
ME0108,AC1010-S04-C03,HAS_EVENT
ME0109,AC1014-S04-C02,HAS_EVENT
ME0110,AC1015-S03-C01,HAS_EVENT
ME0111,AC1019-S02-C04,HAS_EVENT
ME0112,AC1007-S01-C05,HAS_EVENT
ME0113,AC1019-S01-C04,HAS_EVENT
ME0114,AC1004-S01-C03,HAS_EVENT
ME0115,AC1014-S02-C04,HAS_EVENT
ME0116,AC1016-S02-C01,HAS_EVENT
ME0117,AC1019-S02-C04,HAS_EVENT
ME0118,AC1012-S03-C01,HAS_EVENT
ME0119,AC1004-S03-C03,HAS_EVENT
ME0120,AC1011-S04-C03,HAS_EVENT
ME0121,AC1011-S03-C01,HAS_EVENT
ME0122,AC1015-S02-C02,HAS_EVENT
ME0123,AC1020-S02-C04,HAS_EVENT
ME0124,AC1005-S03-C01,HAS_EVENT
ME0125,AC1012-S04-C01,HAS_EVENT
ME0126,AC1006-S02-C05,HAS_EVENT
ME0127,AC1003-S02-C05,HAS_EVENT
ME0128,AC1005-S01-C04,HAS_EVENT
ME0129,AC1018-S01-C05,HAS_EVENT
ME0130,AC1005-S04-C03,HAS_EVENT
ME0131,AC1007-S02-C04,HAS_EVENT
ME0132,AC1017-S01-C04,HAS_EVENT
ME0133,AC1017-S02-C01,HAS_EVENT
ME0134,AC1006-S02-C04,HAS_EVENT
ME0135,AC1014-S03-C03,HAS_EVENT
ME0136,AC1011-S03-C01,HAS_EVENT
ME0137,AC1002-S01-C03,HAS_EVENT
ME0138,AC1005-S02-C03,HAS_EVENT
ME0139,AC1009-S01-C05,HAS_EVENT
ME0140,AC1007-S04-C02,HAS_EVENT
ME0141,AC1003-S04-C01,HAS_EVENT
ME0142,AC1009-S04-C03,HAS_EVENT
ME0143,AC1020-S01-C01,HAS_EVENT
ME0144,AC1015-S01-C03,HAS_EVENT
ME0145,AC1003-S02-C03,HAS_EVENT
ME0146,AC1007-S02-C03,HAS_EVENT
ME0147,AC1003-S01-C01,HAS_EVENT
ME0148,AC1001-S01-C03,HAS_EVENT
ME0149,AC1001-S04-C03,HAS_EVENT
ME0150,AC1014-S04-C03,HAS_EVENT
ME0151,AC1001-S04-C03,HAS_EVENT
ME0152,AC1015-S04-C03,HAS_EVENT
ME0153,AC1006-S03-C02,HAS_EVENT
ME0154,AC1006-S01-C02,HAS_EVENT
ME0155,AC1020-S01-C05,HAS_EVENT
ME0156,AC1011-S02-C03,HAS_EVENT
ME0157,AC1011-S03-C02,HAS_EVENT
ME0158,AC1012-S02-C03,HAS_EVENT
ME0159,AC1002-S04-C02,HAS_EVENT
ME0160,AC1006-S04-C01,HAS_EVENT
ME0161,AC1007-S01-C01,HAS_EVENT
ME0162,AC1002-S02-C03,HAS_EVENT
ME0163,AC1013-S02-C01,HAS_EVENT
ME0164,AC1005-S01-C05,HAS_EVENT
ME0165,AC1016-S04-C02,HAS_EVENT
ME0166,AC1010-S01-C05,HAS_EVENT
ME0167,AC1018-S03-C01,HAS_EVENT
ME0168,AC1005-S02-C03,HAS_EVENT
ME0169,AC1010-S02-C01,HAS_EVENT
ME0170,AC1014-S01-C04,HAS_EVENT
ME0171,AC1008-S02-C04,HAS_EVENT
ME0172,AC1012-S01-C05,HAS_EVENT
ME0173,AC1014-S03-C01,HAS_EVENT
ME0174,AC1014-S01-C02,HAS_EVENT
ME0175,AC1008-S03-C01,HAS_EVENT
ME0176,AC1008-S02-C01,HAS_EVENT
ME0177,AC1019-S02-C01,HAS_EVENT
ME0178,AC1002-S01-C03,HAS_EVENT
ME0179,AC1004-S03-C03,HAS_EVENT
ME0180,AC1014-S03-C01,HAS_EVENT
ME0181,AC1008-S04-C02,HAS_EVENT
ME0182,AC1005-S04-C02,HAS_EVENT
ME0183,AC1008-S03-C01,HAS_EVENT
ME0184,AC1012-S01-C04,HAS_EVENT
ME0185,AC1020-S02-C01,HAS_EVENT
ME0186,AC1014-S04-C03,HAS_EVENT
ME0187,AC1007-S03-C01,HAS_EVENT
ME0188,AC1001-S04-C03,HAS_EVENT
ME0189,AC1013-S03-C01,HAS_EVENT
ME0190,AC1013-S03-C03,HAS_EVENT
ME0191,AC1011-S01-C03,HAS_EVENT
ME0192,AC1018-S03-C01,HAS_EVENT
ME0193,AC1007-S03-C02,HAS_EVENT
ME0194,AC1013-S02-C01,HAS_EVENT
ME0195,AC1016-S02-C02,HAS_EVENT
ME0196,AC1013-S02-C04,HAS_EVENT
ME0197,AC1011-S04-C02,HAS_EVENT
ME0198,AC1007-S01-C05,HAS_EVENT
ME0199,AC1005-S01-C03,HAS_EVENT
ME0200,AC1017-S04-C02,HAS_EVENT
ME0201,AC1008-S01-C03,HAS_EVENT
ME0202,AC1016-S04-C02,HAS_EVENT
ME0203,AC1014-S01-C05,HAS_EVENT
ME0204,AC1009-S01-C01,HAS_EVENT
ME0205,AC1020-S01-C05,HAS_EVENT
ME0206,AC1020-S03-C03,HAS_EVENT
ME0207,AC1003-S01-C05,HAS_EVENT
ME0208,AC1016-S01-C05,HAS_EVENT
ME0209,AC1017-S01-C05,HAS_EVENT
ME0210,AC1002-S03-C01,HAS_EVENT
ME0211,AC1005-S03-C01,HAS_EVENT
ME0212,AC1013-S01-C02,HAS_EVENT
ME0213,AC1006-S04-C01,HAS_EVENT
ME0214,AC1007-S02-C01,HAS_EVENT
ME0215,AC1003-S02-C01,HAS_EVENT
ME0216,AC1013-S02-C01,HAS_EVENT
ME0217,AC1014-S01-C03,HAS_EVENT
ME0218,AC1008-S01-C05,HAS_EVENT
ME0219,AC1017-S01-C05,HAS_EVENT
ME0220,AC1005-S01-C04,HAS_EVENT
ME0221,AC1019-S03-C03,HAS_EVENT
ME0222,AC1004-S01-C01,HAS_EVENT
ME0223,AC1014-S01-C03,HAS_EVENT
ME0224,AC1009-S01-C02,HAS_EVENT
ME0225,AC1011-S01-C02,HAS_EVENT
ME0226,AC1002-S01-C02,HAS_EVENT
ME0227,AC1003-S04-C01,HAS_EVENT
ME0228,AC1009-S02-C02,HAS_EVENT
ME0229,AC1020-S01-C03,HAS_EVENT
ME0230,AC1001-S01-C01,HAS_EVENT
ME0231,AC1006-S02-C01,HAS_EVENT
ME0232,AC1020-S01-C03,HAS_EVENT
ME0233,AC1014-S01-C03,HAS_EVENT
ME0234,AC1005-S04-C01,HAS_EVENT
ME0235,AC1007-S01-C02,HAS_EVENT
ME0236,AC1018-S04-C02,HAS_EVENT
ME0237,AC1005-S01-C03,HAS_EVENT
ME0238,AC1006-S01-C04,HAS_EVENT
ME0239,AC1005-S01-C03,HAS_EVENT
ME0240,AC1020-S04-C03,HAS_EVENT
ME0241,AC1019-S02-C05,HAS_EVENT
ME0242,AC1020-S01-C01,HAS_EVENT
ME0243,AC1005-S01-C03,HAS_EVENT
ME0244,AC1003-S02-C04,HAS_EVENT
ME0245,AC1010-S02-C04,HAS_EVENT
ME0246,AC1005-S02-C01,HAS_EVENT
ME0247,AC1017-S02-C01,HAS_EVENT
ME0248,AC1020-S04-C01,HAS_EVENT
ME0249,AC1008-S01-C05,HAS_EVENT
ME0250,AC1020-S03-C01,HAS_EVENT
ME0251,AC1019-S04-C02,HAS_EVENT
ME0252,AC1005-S02-C01,HAS_EVENT
ME0253,AC1018-S03-C03,HAS_EVENT
ME0254,AC1019-S01-C01,HAS_EVENT
ME0255,AC1006-S01-C05,HAS_EVENT
ME0256,AC1003-S03-C01,HAS_EVENT
ME0257,AC1010-S03-C01,HAS_EVENT
ME0258,AC1003-S01-C01,HAS_EVENT
ME0259,AC1003-S01-C04,HAS_EVENT
ME0260,AC1004-S02-C02,HAS_EVENT
ME0261,AC1016-S02-C04,HAS_EVENT
ME0262,AC1009-S02-C03,HAS_EVENT
ME0263,AC1010-S03-C03,HAS_EVENT
ME0264,AC1012-S01-C03,HAS_EVENT
ME0265,AC1006-S03-C01,HAS_EVENT
ME0266,AC1011-S01-C01,HAS_EVENT
ME0267,AC1017-S03-C02,HAS_EVENT
ME0268,AC1018-S02-C04,HAS_EVENT
ME0269,AC1004-S01-C02,HAS_EVENT
ME0270,AC1011-S02-C02,HAS_EVENT
ME0271,AC1004-S03-C01,HAS_EVENT
ME0272,AC1019-S03-C02,HAS_EVENT
ME0273,AC1003-S02-C04,HAS_EVENT
ME0274,AC1012-S04-C01,HAS_EVENT
ME0275,AC1014-S03-C03,HAS_EVENT
ME0276,AC1011-S04-C01,HAS_EVENT
ME0277,AC1014-S01-C03,HAS_EVENT
ME0278,AC1007-S01-C03,HAS_EVENT
ME0279,AC1015-S03-C03,HAS_EVENT
ME0280,AC1010-S02-C05,HAS_EVENT
ME0281,AC1004-S02-C01,HAS_EVENT
ME0282,AC1004-S02-C03,HAS_EVENT
ME0283,AC1009-S02-C04,HAS_EVENT
ME0284,AC1009-S04-C01,HAS_EVENT
ME0285,AC1014-S01-C02,HAS_EVENT
ME0286,AC1007-S03-C01,HAS_EVENT
ME0287,AC1015-S04-C01,HAS_EVENT
ME0288,AC1019-S01-C04,HAS_EVENT
ME0289,AC1014-S02-C05,HAS_EVENT
ME0290,AC1002-S03-C03,HAS_EVENT
ME0291,AC1017-S03-C01,HAS_EVENT
ME0292,AC1007-S03-C01,HAS_EVENT
ME0293,AC1014-S02-C04,HAS_EVENT
ME0294,AC1015-S04-C02,HAS_EVENT
ME0295,AC1007-S01-C04,HAS_EVENT
ME0296,AC1018-S01-C01,HAS_EVENT
ME0297,AC1003-S01-C04,HAS_EVENT
ME0298,AC1016-S04-C02,HAS_EVENT
ME0299,AC1020-S04-C03,HAS_EVENT
ME0300,AC1009-S02-C05,HAS_EVENT
